0,0
0.01,10.648158106653398
0.02,20.496316518391932
0.029999999999999999,29.589336828674504
0.040000000000000001,37.969502479457994
0.050000000000000003,45.677206255692397
0.059999999999999998,52.750881592185181
0.070000000000000007,59.227092718407157
0.080000000000000002,65.140324718541635
0.089999999999999997,70.523523354534163
0.10000000000000001,75.407967806545827
0.11,79.823351799242829
0.12,83.79784853228503
0.13,87.358094201268457
0.14000000000000001,90.529594237606759
0.14999999999999999,93.336432434483314
0.16,95.801434046698617
0.17000000000000001,97.946212503881569
0.17999999999999999,99.791290079368167
0.19,101.35610631847537
0.20000000000000001,102.65906219783186
0.20999999999999999,103.71755712981206
0.22,104.54811003547239
0.23000000000000001,105.16634236809715
0.23999999999999999,105.5870315173139
0.25,105.82410873344867
0.26000000000000001,105.89077733667209
0.27000000000000002,105.79953120278311
0.28000000000000003,105.5621407449042
0.28999999999999998,105.18973232793317
0.29999999999999999,104.69280968259467
0.31,104.08128348563118
0.32000000000000001,103.36449990761173
0.33000000000000002,102.55126828907842
0.34000000000000002,101.64988535747884
0.35000000000000003,100.66815394260328
0.35999999999999999,99.613430659354506
0.37,98.492625766210253
0.38,97.312263036194267
0.39000000000000001,96.078496647183854
0.40000000000000002,94.797010991832522
0.41000000000000003,93.473125193064405
0.41999999999999998,92.111950686728903
0.42999999999999999,90.718215338465981
0.44,89.296344687607473
0.45000000000000001,87.850511958493641
0.46000000000000002,86.384541496408403
0.47000000000000003,84.902043327308633
0.47999999999999998,83.40638345510844
0.48999999999999999,81.900703216081638
0.5,80.387925923447142
0.51000000000000001,78.870762521557424
0.52000000000000002,77.351741547589086
0.53000000000000003,75.833199262541441
0.54000000000000004,74.317303358339061
0.55000000000000004,72.806047255592119
0.56000000000000005,71.301274862893138
0.57000000000000006,69.804684328420009
0.57999999999999996,68.317835658577792
0.58999999999999997,66.842159696413432
0.59999999999999998,65.378960785659572
0.60999999999999999,63.929440345469551
0.62,62.494685313538312
0.63,61.075680975473489
0.64000000000000001,59.673317030050491
0.65000000000000002,58.288392589664596
0.66000000000000003,56.921649653582172
0.67000000000000004,55.573699375498073
0.68000000000000005,54.245103531862242
0.69000000000000006,52.936354349212962
0.70000000000000007,51.647878918403023
0.70999999999999996,50.380043079314774
0.71999999999999997,49.13311606755714
0.72999999999999998,47.907391729162335
0.73999999999999999,46.703113142468624
0.75,45.520403530649709
0.76000000000000001,44.359379789943297
0.77000000000000002,43.220118740841954
0.78000000000000003,42.102659976374348
0.79000000000000004,41.007008554559
0.80000000000000004,39.93313754254298
0.81000000000000005,38.880990419610612
0.82000000000000006,37.850483345924935
0.83000000000000007,36.8415073035655
0.83999999999999997,35.853930374518633
0.84999999999999998,34.887598803354869
0.85999999999999999,33.942339688050083
0.87,33.017962358774952
0.88,32.114259969057493
0.89000000000000001,31.231010992870821
0.90000000000000002,30.367980632406546
0.91000000000000003,29.524922141075965
0.92000000000000004,28.701578066071054
0.93000000000000005,27.897681414614301
0.94000000000000006,27.112956747835625
0.95000000000000007,26.347121206028529
0.95999999999999996,25.59988546886278
0.96999999999999997,24.870954653960592
0.97999999999999998,24.160029157083098
0.98999999999999999,23.46680543701903
1,22.790976748119913
1.01,22.132233823286043
1.02,21.490265510071506
1.03,20.864759362448879
1.04,20.255402190651097
1.05,19.661880571389883
1.0600000000000001,19.08388132063947
1.0700000000000001,18.521091931065548
1.0800000000000001,17.973200976078914
1.0900000000000001,17.439898509814672
1.1000000000000001,16.920876384027967
1.1100000000000001,16.415828529713092
1.1200000000000001,15.924451276993368
1.1300000000000001,15.446443618788283
1.1400000000000001,14.981507451068154
1.1500000000000001,14.529347791079823
1.1599999999999999,14.089672974857073
1.1699999999999999,13.662194835261895
1.1799999999999999,13.2466288617395
1.1899999999999999,12.84269434290883
1.2,12.450114493052176
1.21,12.068616563512606
1.22,11.697931939955213
1.23,11.337796226397515
1.24,10.987949316867304
1.25,10.648135455500599
1.26,10.318103285848331
1.27,9.9976058901204432
1.28,9.6864008190554287
1.29,9.3842501130673952
1.3,9.0909203152858833
1.3100000000000001,8.806182477071026
1.3200000000000001,8.5298121565535219
1.3300000000000001,8.2615894107191554
1.3400000000000001,8.0012987815279111
1.3500000000000001,7.7487292765304279
1.3600000000000001,7.5036743444180463
1.3700000000000001,7.2659318459181632
1.3800000000000001,7.0353040204223039
1.3900000000000001,6.8115974487123667
1.4000000000000001,6.5946230121287837
1.4099999999999999,6.3841958485040333
1.4199999999999999,6.180135305166031
1.4299999999999999,5.9822648892970598
1.4399999999999999,5.7904122159170717
1.45,5.604408951184614
1.46,5.4240907543418189
1.47,5.2492972326024665
1.48,5.079871873952877
1.49,4.9156619867422755
1.5,4.7565186381921114
1.51,4.6022965919949339
1.52,4.4528542451592692
1.53,4.3080535642511828
1.54,4.1677600211685819
1.55,4.0318425285771076
1.5600000000000001,3.9001733751269501
1.5700000000000001,3.7726281605624554
1.5800000000000001,3.6490857308250759
1.5900000000000001,3.5294281132462242
1.6000000000000001,3.4135404519184771
1.6100000000000001,3.3013109433244856
1.6200000000000001,3.192630772299609
1.6300000000000001,3.087394048396952
1.6400000000000001,2.9854977427168397
1.6500000000000001,2.8868416252597191
1.6600000000000001,2.7913282028542783
1.6699999999999999,2.6988626673799283
1.6799999999999999,2.6093528294046631
1.6899999999999999,2.5227090395744094
1.7,2.4388441437109214
1.71,2.3576734242511099
1.72,2.279114542486508
1.73,2.2030874816289421
1.74,2.1295144907212564
1.75,2.0583200294160733
1.76,1.9894307136358895
1.77,1.9227752621283445
1.78,1.858284443930398
1.79,1.7958910267481683
1.8,1.7355297262599996
1.8100000000000001,1.6771371563500905
1.8200000000000001,1.6206517802735521
1.8300000000000001,1.5660138627573075
1.8400000000000001,1.5131654230346459
1.8500000000000001,1.4620501888150255
1.8600000000000001,1.4126135511857452
1.8700000000000001,1.3648025204410656
1.8800000000000001,1.318565682836319
1.8900000000000001,1.2738531582595407
1.9000000000000001,1.2306165588152564
1.9100000000000001,1.1888089483126527
1.9199999999999999,1.1483848026502248
1.9299999999999999,1.1092999710874667
1.9399999999999999,1.0715116383952705
1.95,1.0349782878739546
1.96,0.99965966522845606
1.97,0.96551674329062964
1.98,0.93251168757596492
1.99,0.90060782266325434
2,0.86976964288549408
2.0100000000000002,0.83996264072470672
2.02,0.81115342519740319
2.0300000000000002,0.78330963784510255
2.04,0.75639992304215586
2.0499999999999998,0.73039389905085061
2.0600000000000001,0.7052621298100753
2.0699999999999998,0.68097609744400212
2.0800000000000001,0.65750817547722418
2.0899999999999999,0.63483160274340689
2.1000000000000001,0.6129204579736196
2.1099999999999999,0.59174963505056233
2.1200000000000001,0.57129481891595313
2.1299999999999999,0.55153246211718698
2.1400000000000001,0.53243976197993936
2.1499999999999999,0.51399463839359871
2.1600000000000001,0.49617572639655694
2.1699999999999999,0.47896231204842399
2.1800000000000002,0.46233435532019057
2.1899999999999999,0.44627245579351049
2.2000000000000002,0.43075783331403467
2.21,0.41577230918073599
2.2200000000000002,0.40129828785784938
2.23,0.38731873919815124
2.2400000000000002,0.37381639922878473
2.25,0.36077613973911227
2.2600000000000002,0.34818252323638699
2.27,0.3360206114474697
2.2800000000000002,0.32427594991623626
2.29,0.3129345530421434
2.3000000000000003,0.3019828895488979
2.3100000000000001,0.29140786837247057
2.3199999999999998,0.2811968249577973
2.3300000000000001,0.27133750795377753
2.3399999999999999,0.2618180662963262
2.3500000000000001,0.25262703666943304
2.3599999999999999,0.24375333133441363
2.3700000000000001,0.23518622631768918
2.3799999999999999,0.22691535427104312
2.3900000000000001,0.21893068485636966
2.3999999999999999,0.2112225176286924
2.4100000000000001,0.20378147206127398
2.4199999999999999,0.19659847738802497
2.4300000000000002,0.18966475929994647
2.4399999999999999,0.18297183546753545
2.4500000000000002,0.1765115067279438
2.46,0.17027584600039858
2.4700000000000002,0.16425718957154933
2.48,0.1584481582794246
2.4900000000000002,0.15284155844446487
2.5,0.14743046689537329
2.5100000000000002,0.14220819154213002
2.52,0.13716826391380402
2.5300000000000002,0.13230443192632005
2.54,0.12761065287320905
2.5500000000000003,0.12308108663333865
2.5600000000000001,0.11871008908884415
2.5699999999999998,0.11449220574782248
2.5800000000000001,0.11042216556535596
2.5899999999999999,0.10649487495754326
2.6000000000000001,0.10270541047156327
2.6099999999999999,0.09904901490360167
2.6200000000000001,0.095521093225446274
2.6299999999999999,0.092117185149782316
2.6400000000000001,0.088833028330890351
2.6499999999999999,0.085664477522857441
2.6600000000000001,0.082607528042570724
2.6699999999999999,0.07965831113286144
2.6800000000000002,0.076813089473299317
2.6899999999999999,0.074068252833948106
2.7000000000000002,0.071420313867659291
2.71,0.068865904036972542
2.7200000000000002,0.066401769671482272
2.73,0.064024759817058421
2.7400000000000002,0.061731847776429156
2.75,0.059520102394415672
2.7600000000000002,0.057386692779275612
2.77,0.05532888495581529
2.7800000000000002,0.053344038626221793
2.79,0.051429604036162806
2.8000000000000003,0.049583118942072735
2.8100000000000001,0.047802205676958559
2.8199999999999998,0.046084568311539058
2.8300000000000001,0.044427989907743416
2.8399999999999999,0.042830329861719571
2.8500000000000001,0.041289521415636542
2.8599999999999999,0.039803569115066842
2.8700000000000001,0.038370545302843048
2.8799999999999999,0.036988588985341318
2.8900000000000001,0.035655903577409886
2.8999999999999999,0.034370754721459784
2.9100000000000001,0.033131440769202943
2.9199999999999999,0.031936373157785601
2.9300000000000002,0.03078398791988271
2.9399999999999999,0.029672776191613865
2.9500000000000002,0.028601285337129446
2.96,0.02756811317497904
2.9700000000000002,0.026571906259958377
2.98,0.025611358221970731
2.9900000000000002,0.02468520816008234
3,0.023792239089992
3.0100000000000002,0.022931276443218254
3.02,0.022101186616310931
3.0300000000000002,0.021300875568499349
3.04,0.020529287466197092
3.0500000000000003,0.019785403372857439
3.0600000000000001,0.019068239982704016
3.0700000000000003,0.018376848396917677
3.0800000000000001,0.017710312940895777
3.0899999999999999,0.017067750021250827
3.1000000000000001,0.016448307021255708
3.1099999999999999,0.015851161233472025
3.1200000000000001,0.015275518828355844
3.1299999999999999,0.014720613902683038
3.1400000000000001,0.014185706801085151
3.1499999999999999,0.013670083848715386
3.1600000000000001,0.013173056543620028
3.1699999999999999,0.012693960682371068
3.1800000000000002,0.012232155515477506
3.1899999999999999,0.011788067994090181
3.2000000000000002,0.011359957129728922
3.21,0.010947254396511478
3.2200000000000002,0.010549411243166997
3.23,0.010165898401972346
3.2400000000000002,0.0097962052211410695
3.25,0.0094398390198887818
3.2600000000000002,0.0090963244654235411
3.27,0.0087652029711342214
3.2800000000000002,0.0084460321152721521
3.29,0.0081383850794454708
3.3000000000000003,0.0078418501062661652
3.3100000000000001,0.0075560299755119261
3.3200000000000003,0.0072805414981849514
3.3300000000000001,0.00701501502787053
3.3399999999999999,0.0067590939888166569
3.3500000000000001,0.0065124344201754874
3.3599999999999999,0.0062747045358652635
3.3700000000000001,0.0060455842995287496
3.3799999999999999,0.0058247650140819014
3.3900000000000001,0.0056119489253620616
3.3999999999999999,0.0054068488394021759
3.4100000000000001,0.0052091877528717533
3.4199999999999999,0.0050186984962413651
3.4300000000000002,0.0048351233892414205
3.4399999999999999,0.0046582139082001804
3.4500000000000002,0.0044877303648597012
3.46,0.0043234415962815692
3.4700000000000002,0.0041651246654667434
3.48,0.0040125645723271836
3.4900000000000002,0.0038655539746574714
3.5,0.0037238929187674349
3.5100000000000002,0.0035873885794476582
3.52,0.0034556753249065865
3.5300000000000002,0.0033287877728370896
3.54,0.0032065495713293132
3.5500000000000003,0.00308879078510561
3.5600000000000001,0.0029753476642956252
3.5700000000000003,0.0028660624214420036
3.5800000000000001,0.0027607830164341589
3.5899999999999999,0.0026593629490839826
3.6000000000000001,0.0025616610590995003
3.6099999999999999,0.0024675413331641783
3.6200000000000001,0.002376872718915317
3.6299999999999999,0.0022895289455343564
3.6400000000000001,0.002205388350755553
3.6499999999999999,0.0021243337140475138
3.6600000000000001,0.0020462520957525484
3.6699999999999999,0.0019710346819788839
3.6800000000000002,0.0018985766350460437
3.6899999999999999,0.0018287769492784725
3.7000000000000002,0.0017615383119598384
3.71,0.0016967669692801641
3.7200000000000002,0.0016343025724537092
3.73,0.0015741293056864426
3.7400000000000002,0.0015161638731753515
3.75,0.0014603259789310419
3.7600000000000002,0.0014065382198745389
3.77,0.0013547259827029917
3.7800000000000002,0.0013048173443806035
3.79,0.001256742976140333
3.8000000000000003,0.0012104360508688138
3.8100000000000001,0.0011658321537580969
3.8200000000000003,0.0011228691961088656
3.8300000000000001,0.0010814873321809471
3.8399999999999999,0.0010416288789771174
3.8500000000000001,0.0010032382388656821
3.8599999999999999,0.00096626182493693891
3.8700000000000001,0.00093064798900270031
3.8799999999999999,0.00089634695214336124
3.8900000000000001,0.00086331073771508981
3.8999999999999999,0.00083149310673082436
3.9100000000000001,0.00080084949553310388
3.9199999999999999,0.00077133695567644105
3.9300000000000002,0.00074291409594381518
3.9399999999999999,0.00071554102642172655
3.9500000000000002,0.00068917930456177006
3.96,0.00066379188315903793
3.9700000000000002,0.0006393430601804482
3.98,0.00061579843037701644
3.9900000000000002,0.00059312483861946987
4,0.00057129033489405825
4.0099999999999998,0.00055026413090242265
4.0200000000000005,0.00053001655820760179
4.0300000000000002,0.00051051902787266226
4.04,0.00049174399153873794
4.0499999999999998,0.00047366490389216944
4.0600000000000005,0.00045625618647187829
4.0700000000000003,0.00043949319276892512
4.0800000000000001,0.00042335217457404049
4.0899999999999999,0.00040781024952705742
4.0999999999999996,0.00039284536982818794
4.1100000000000003,0.00037843441426564553
4.1200000000000001,0.00036454935842474554
4.1299999999999999,0.00035117112298775572
4.1399999999999997,0.00033828131621213618
4.1500000000000004,0.0003258622093416284
4.1600000000000001,0.0003138967128888535
4.1699999999999999,0.00030236835375884423
4.1799999999999997,0.00029126125318403083
4.1900000000000004,0.00028056010544217182
4.2000000000000002,0.00027025015732975056
4.21,0.00026031718836427734
4.2199999999999998,0.00025074749168990012
4.2300000000000004,0.00024152785566156811
4.2400000000000002,0.00023264554608421845
4.25,0.00022408828908212383
4.2599999999999998,0.00021584425457992523
4.2700000000000005,0.00020790204037086021
4.2800000000000002,0.00020025065675119413
4.29,0.0001928795117021099
4.2999999999999998,0.00018577839659859091
4.3100000000000005,0.00017893747243476839
4.3200000000000003,0.00017234725652690231
4.3300000000000001,0.00016599860970210461
4.3399999999999999,0.00015988272394309839
4.3500000000000005,0.00015399111046502374
4.3600000000000003,0.00014831558822979605
4.3700000000000001,0.00014284827286113324
4.3799999999999999,0.00013758156596180613
4.3899999999999997,0.00013250814480699554
4.4000000000000004,0.00012762095241315561
4.4100000000000001,0.00012291318795671898
4.4199999999999999,0.00011837829753729249
4.4299999999999997,0.00011400996527096434
4.4400000000000004,0.00010980210470203626
4.4500000000000002,0.0001057488505244077
4.46,0.00010184455059869965
4.4699999999999998,9.8083758253008751e-05
4.4800000000000004,9.4461224862191275e-05
4.4900000000000002,9.0971892691150771e-05
4.5,8.7610887998672583e-05
4.5099999999999998,8.4373514385127469e-05
4.5200000000000005,8.1255246378424546e-05
4.5300000000000002,7.8251723253415945e-05
4.54,7.5358743072210675e-05
4.5499999999999998,7.2572256935615601e-05
4.5600000000000005,6.9888363445068873e-05
4.5700000000000003,6.73033033614712e-05
4.5800000000000001,6.4813454457159029e-05
4.5899999999999999,6.241532655188451e-05
4.6000000000000005,6.0105556728160461e-05
4.6100000000000003,5.7880904719580084e-05
4.6200000000000001,5.5738248462047087e-05
4.6299999999999999,5.3674579809505442e-05
4.6399999999999997,5.1687000400692725e-05
4.6500000000000004,4.9772717676278618e-05
4.6600000000000001,4.7929041038428896e-05
4.6699999999999999,4.6153378151447483e-05
4.6799999999999997,4.4443231371805715e-05
4.6900000000000004,4.2796194310400745e-05
4.7000000000000002,4.1209948517037054e-05
4.71,3.9682260286096432e-05
4.7199999999999998,3.8210977574530232e-05
4.7300000000000004,3.679402703509343e-05
4.7400000000000002,3.5429411153892449e-05
4.75,3.4115205491609163e-05
4.7599999999999998,3.2849556026719029e-05
4.7700000000000005,3.1630676591398956e-05
4.7800000000000002,3.0456846402719581e-05
4.79,2.9326407682765093e-05
4.7999999999999998,2.8237763362953064e-05
4.8100000000000005,2.7189374873948835e-05
4.8200000000000003,2.6179760014206162e-05
4.8300000000000001,2.5207490895662764e-05
4.8399999999999999,2.4271191964434747e-05
4.8500000000000005,2.3369538092858485e-05
4.8600000000000003,2.2501252740617436e-05
4.8700000000000001,2.1665106182817533e-05
4.8799999999999999,2.0859913801672468e-05
4.8899999999999997,2.0084534441141762e-05
4.9000000000000004,1.9337868820205034e-05
4.9100000000000001,1.86188580047643e-05
4.9199999999999999,1.7926481933864558e-05
4.9299999999999997,1.7259758000134064e-05
4.9400000000000004,1.6617739681801971e-05
4.9500000000000002,1.599951522401505e-05
4.96,1.5404206368467769e-05
4.9699999999999998,1.4830967129016859e-05
4.9800000000000004,1.4278982611230158e-05
4.9900000000000002,1.3747467875920958e-05
5,1.3235666843716103e-05
5.0099999999999998,1.2742851238264621e-05
5.0200000000000005,1.226831956995056e-05
5.0300000000000002,1.1811396154720491e-05
5.04,1.1371430169870965e-05
5.0499999999999998,1.0947794743397744e-05
5.0600000000000005,1.0539886077033163e-05
5.0700000000000003,1.014712260099247e-05
5.0800000000000001,9.768944159673262e-06
5.0899999999999999,9.4048112267412673e-06
5.1000000000000005,9.0542041491980687e-06
5.1100000000000003,8.7166224186376747e-06
5.1200000000000001,8.3915839693712995e-06
5.1299999999999999,8.0786245020730246e-06
5.1399999999999997,7.7772968318254244e-06
5.1500000000000004,7.4871702605844097e-06
5.1600000000000001,7.2078299716663941e-06
5.1699999999999999,6.9388764473972224e-06
5.1799999999999997,6.679924907009508e-06
5.1900000000000004,6.4306047656918109e-06
5.2000000000000002,6.1905591132957491e-06
5.21,5.9594442118826418e-06
5.2199999999999998,5.7369290119423457e-06
5.2300000000000004,5.5226946859328863e-06
5.2400000000000002,5.3164341792496062e-06
5.25,5.1178517773029215e-06
5.2599999999999998,4.9266626886860695e-06
5.2700000000000005,4.7425926433464566e-06
5.2800000000000002,4.5653775057297371e-06
5.29,4.3947629018909032e-06
5.2999999999999998,4.2305038602293261e-06
5.3100000000000005,4.0723644655191511e-06
5.3200000000000003,3.9201175255865651e-06
5.3300000000000001,3.7735442501010444e-06
5.3399999999999999,3.6324339412436659e-06
5.3500000000000005,3.496583695663563e-06
5.3600000000000003,3.3657981172822897e-06
5.3700000000000001,3.2398890407794526e-06
5.3799999999999999,3.1186752651379688e-06
5.3899999999999997,3.0019822969184052e-06
5.4000000000000004,2.889642103041357e-06
5.4100000000000001,2.781492872582488e-06
5.4199999999999999,2.6773787873116647e-06
5.4299999999999997,2.5771498007477858e-06
5.4400000000000004,2.4806614251113738e-06
5.4500000000000002,2.387774526334309e-06
5.46,2.2983551264792279e-06
5.4699999999999998,2.2122742134290776e-06
5.4800000000000004,2.1294075575344393e-06
5.4900000000000002,2.0496355351358265e-06
5.5,1.9728429583966428e-06
5.5099999999999998,1.8989189114923197e-06
5.5200000000000005,1.8277565928105643e-06
5.5300000000000002,1.7592531629620829e-06
5.54,1.6933095983476164e-06
5.5499999999999998,1.6298305501176555e-06
5.5600000000000005,1.5687242083740845e-06
5.5700000000000003,1.5099021713176482e-06
5.5800000000000001,1.4532793191941372e-06
5.5899999999999999,1.3987736929700053e-06
5.6000000000000005,1.3463063773912579e-06
5.6100000000000003,1.2958013883706234e-06
5.6200000000000001,1.2471855645388161e-06
5.6299999999999999,1.2003884628020888e-06
5.6399999999999997,1.1553422576877366e-06
5.6500000000000004,1.1119816444807732e-06
5.6600000000000001,1.0702437458781308e-06
5.6699999999999999,1.0300680220979428e-06
5.6799999999999997,9.9139618430510156e-07
5.6900000000000004,9.5417211122802239e-07
5.7000000000000002,9.1834176887065761e-07
5.71,8.8385313313105384e-07
5.7199999999999998,8.5065611536273891e-07
5.7300000000000004,8.1870249059118169e-07
5.7400000000000002,7.8794582843928539e-07
5.75,7.5834142660975322e-07
5.7599999999999998,7.2984624676088464e-07
5.7700000000000005,7.0241885283414368e-07
5.7800000000000002,6.7601935158547814e-07
5.79,6.5060933535368046e-07
5.7999999999999998,6.2615182695703107e-07
5.8100000000000005,6.0261122657149432e-07
5.8200000000000003,5.7995326063885451e-07
5.8300000000000001,5.5814493260617155e-07
5.8399999999999999,5.3715447552837073e-07
5.8500000000000005,5.1695130641053056e-07
5.8600000000000003,4.9750598221196025e-07
5.8700000000000001,4.7879015753761928e-07
5.8799999999999999,4.6077654383362514e-07
5.8899999999999997,4.4343887012165022e-07
5.9000000000000004,4.2675184520100341e-07
5.9100000000000001,4.1069112122113105e-07
5.9199999999999999,3.9523325861575186e-07
5.9299999999999997,3.8035569233341857e-07
5.9400000000000004,3.6603669932264078e-07
5.9500000000000002,3.5225536721817778e-07
5.96,3.389915641989835e-07
5.9699999999999998,3.2622590993490363e-07
5.9800000000000004,3.1393974763852583e-07
5.9900000000000002,3.0211511714476183e-07
6,2.907347289756277e-07
6.0099999999999998,2.7978193938721913e-07
6.0200000000000005,2.692407263289078e-07
6.0300000000000002,2.5909566629700679e-07
6.04,2.4933191204449932e-07
6.0499999999999998,2.3993517112780019e-07
6.0600000000000005,2.3089168523620064e-07
6.0700000000000003,2.2218821029861506e-07
6.0800000000000001,2.1381199732091614e-07
6.0899999999999999,2.0575077394481522e-07
6.1000000000000005,1.9799272667921762e-07
6.1100000000000003,1.9052648380241377e-07
6.1200000000000001,1.8334109889201949e-07
6.1299999999999999,1.7642603496866615e-07
6.1400000000000006,1.6977114923152481e-07
6.1500000000000004,1.6336667835535976e-07
6.1600000000000001,1.5720322434275241e-07
6.1699999999999999,1.5127174088950301e-07
6.1799999999999997,1.4556352027274119e-07
6.1900000000000004,1.4007018071253473e-07
6.2000000000000002,1.3478365420861801e-07
6.21,1.2969617483345434e-07
6.2199999999999998,1.2480026745556266e-07
6.2300000000000004,1.2008873688131362e-07
6.2400000000000002,1.1555465740734684e-07
6.25,1.1119136275543532e-07
6.2599999999999998,1.0699243638506985e-07
6.2700000000000005,1.0295170216234814e-07
6.2800000000000002,9.9063215386489531e-08
6.29,9.5321254139152828e-08
6.2999999999999998,9.1720310959516107e-08
6.3100000000000005,8.8255084832878728e-08
6.3200000000000003,8.4920473473386098e-08
6.3300000000000001,8.1711565896807721e-08
6.3399999999999999,7.8623635267921765e-08
6.3500000000000005,7.5652132016879776e-08
6.3600000000000003,7.2792677210610866e-08
6.3700000000000001,7.0041056170576927e-08
6.3799999999999999,6.7393212330569035e-08
6.3900000000000006,6.4845241321676389e-08
6.4000000000000004,6.2393385280303665e-08
6.4100000000000001,6.0034027361965354e-08
6.4199999999999999,5.7763686470604881e-08
6.4299999999999997,5.5579012172714645e-08
6.4400000000000004,5.3476779810373244e-08
6.4500000000000002,5.1453885791670038e-08
6.46,4.9507343059128043e-08
6.4699999999999998,4.7634276724246909e-08
6.4800000000000004,4.5831919869813919e-08
6.4900000000000002,4.4097609504918133e-08
6.5,4.2428782672102597e-08
6.5099999999999998,4.0822972700678232e-08
6.5200000000000005,3.9277805599563845e-08
6.5300000000000002,3.7790996583414797e-08
6.54,3.6360346731267611e-08
6.5499999999999998,3.4983739767463708e-08
6.5600000000000005,3.365913896504009e-08
6.5700000000000003,3.2384584162726148e-08
6.5800000000000001,3.1158188894766603e-08
6.5899999999999999,2.9978137627927348e-08
6.6000000000000005,2.8842683101785256e-08
6.6100000000000003,2.7750143767204538e-08
6.6200000000000001,2.6698901322788792e-08
6.6299999999999999,2.5687398341933842e-08
6.6400000000000006,2.471413598901689e-08
6.6500000000000004,2.3777671820709212e-08
6.6600000000000001,2.2876617670347692e-08
6.6699999999999999,2.2009637611074168e-08
6.6799999999999997,2.1175445994227016e-08
6.6900000000000004,2.0372805563390274e-08
6.7000000000000002,1.9600525636649351e-08
6.71,1.885746035797977e-08
6.7199999999999998,1.8142507014597154e-08
6.7300000000000004,1.7454604416399808e-08
6.7400000000000002,1.6792731336276809e-08
6.75,1.615590500990682e-08
6.7599999999999998,1.5543179689238468e-08
6.7700000000000005,1.4953645253624814e-08
6.7800000000000002,1.4386425869798467e-08
6.79,1.3840678704159411e-08
6.7999999999999998,1.3315592681943234e-08
6.8100000000000005,1.28103872944092e-08
6.8200000000000003,1.2324311448709212e-08
6.8300000000000001,1.1856642363153074e-08
6.8399999999999999,1.1406684501853326e-08
6.8500000000000005,1.097376855075093e-08
6.8600000000000003,1.0557250431315258e-08
6.8700000000000001,1.0156510351502115e-08
6.8799999999999999,9.7709518922740353e-09
6.8900000000000006,9.4000011280761612e-09
6.9000000000000004,9.0431057808105092e-09
6.9100000000000001,8.6997344055642271e-09
6.9199999999999999,8.3693756061036195e-09
6.9299999999999997,8.0515372808580708e-09
6.9400000000000004,7.7457458963485969e-09
6.9500000000000002,7.4515457885687398e-09
6.96,7.1684984901076355e-09
6.9699999999999998,6.8961820827084481e-09
6.9800000000000004,6.6341905743076424e-09
6.9900000000000002,6.3821332990836137e-09
7,6.1396343403777007e-09
7.0099999999999998,5.9063319752118116e-09
7.0200000000000005,5.6818781394877877e-09
7.0300000000000002,5.4659379136769632e-09
7.04,5.2581890273745222e-09
7.0499999999999998,5.0583213827482496e-09
7.0600000000000005,4.8660365958999507e-09
7.0700000000000003,4.6810475553279193e-09
7.0800000000000001,4.5030779970817323e-09
7.0899999999999999,4.3318620959391266e-09
7.1000000000000005,4.1671440717121765e-09
7.1100000000000003,4.008677810846651e-09
7.1200000000000001,3.8562265015977682e-09
7.1299999999999999,3.7095622834859153e-09
7.1400000000000006,3.5684659096236506e-09
7.1500000000000004,3.4327264218563705e-09
7.1600000000000001,3.3021408381579692e-09
7.1699999999999999,3.176513851719877e-09
7.1799999999999997,3.0556575414023172e-09
7.1900000000000004,2.9393910930136616e-09
7.2000000000000002,2.8275405312127456e-09
7.21,2.7199384613269178e-09
7.2199999999999998,2.6164238211075771e-09
7.2300000000000004,2.5168416416020011e-09
7.2400000000000002,2.4210428172096289e-09
7.25,2.3288838843488957e-09
7.2599999999999998,2.2402268083227861e-09
7.2700000000000005,2.1549387785162381e-09
7.2800000000000002,2.0728920109008803e-09
7.29,1.9939635583870765e-09
7.2999999999999998,1.9180351280309439e-09
7.3100000000000005,1.8449929052885858e-09
7.3200000000000003,1.7747273847985817e-09
7.3300000000000001,1.7071332075975711e-09
7.3399999999999999,1.642109004474979e-09
7.3500000000000005,1.5795572451589975e-09
7.3600000000000003,1.5193840933022884e-09
7.3700000000000001,1.461499266848964e-09
7.3799999999999999,1.4058159036814175e-09
7.3900000000000006,1.3522504323646767e-09
7.4000000000000004,1.3007224477475868e-09
7.4100000000000001,1.2511545912333808e-09
7.4199999999999999,1.2034724356120015e-09
7.4299999999999997,1.157604374198616e-09
7.4400000000000004,1.1134815141674013e-09
7.4500000000000002,1.0710375739218905e-09
7.46,1.0302087843236818e-09
7.4699999999999998,9.909337936576129e-10
7.4800000000000004,9.53153576167946e-10
7.4900000000000002,9.1681134406135345e-10
7.5,8.8185246284707317e-10
7.5099999999999998,8.4822436982277792e-10
7.5200000000000005,8.1587649569487677e-10
7.5300000000000002,7.8476018913215561e-10
7.54,7.5482864416536135e-10
7.5499999999999998,7.2603683032601323e-10
7.5600000000000005,6.9834142545164674e-10
7.5700000000000003,6.717007509922931e-10
7.5800000000000001,6.4607470978168596e-10
7.5899999999999999,6.2142472616047832e-10
7.6000000000000005,5.9771368835238525e-10
7.6100000000000003,5.7490589303057059e-10
7.6200000000000001,5.5296699196111003e-10
7.6299999999999999,5.3186394068124676e-10
7.6400000000000006,5.1156494910050081e-10
7.6500000000000004,4.9203943400166099e-10
7.6600000000000001,4.7325797327510927e-10
7.6699999999999999,4.5519226195829989e-10
7.6799999999999997,4.3781506988227235e-10
7.6900000000000004,4.2110020094455272e-10
7.7000000000000002,4.0502245391582362e-10
7.71,3.8955758473456859e-10
7.7199999999999998,3.7468227021903347e-10
7.7300000000000004,3.6037407315012339e-10
7.7400000000000002,3.4661140869203656e-10
7.75,3.3337351206810195e-10
7.7599999999999998,3.2064040746270671e-10
7.7700000000000005,3.0839287811322632e-10
7.7800000000000002,2.9661243750468068e-10
7.79,2.852813016835158e-10
7.7999999999999998,2.743823626019857e-10
7.8100000000000005,2.6389916248602409e-10
7.8200000000000003,2.5381586915882857e-10
7.8300000000000001,2.4411725230046299e-10
7.8399999999999999,2.3478866062578917e-10
7.8500000000000005,2.2581599989871036e-10
7.8600000000000003,2.1718571180024041e-10
7.8700000000000001,2.0888475357932704e-10
7.8799999999999999,2.0090057849134969e-10
7.8900000000000006,1.9322111697414218e-10
7.9000000000000004,1.8583475852195532e-10
7.9100000000000001,1.7873033426606689e-10
7.9199999999999999,1.7189710020170523e-10
7.9300000000000006,1.6532472106401769e-10
7.9400000000000004,1.5900325479602012e-10
7.9500000000000002,1.5292313762163057e-10
7.96,1.4707516967862153e-10
7.9699999999999998,1.4145050119547571e-10
7.9800000000000004,1.3604061919337847e-10
7.9900000000000002,1.3083733469183056e-10
8,1.2583277040004445e-10
8.0099999999999998,1.2101934887494719e-10
8.0199999999999996,1.1638978112610663e-10
8.0299999999999994,1.1193705565653903e-10
8.0400000000000009,1.0765442791735316e-10
8.0500000000000007,1.0353541016033182e-10
8.0600000000000005,9.9573761679403961e-11
8.0700000000000003,9.5763479420028459e-11
8.0800000000000001,9.2098788943594078e-11
8.0899999999999999,8.8574135738368544e-11
8.0999999999999996,8.5184176856103904e-11
8.1099999999999994,8.1923772868474328e-11
8.120000000000001,7.8787980130195712e-11
8.1300000000000008,7.5772043331233009e-11
8.1400000000000006,7.2871388334284898e-11
8.1500000000000004,7.008161528631169e-11
8.1600000000000001,6.7398491987915256e-11
8.1699999999999999,6.4817947515812885e-11
8.1799999999999997,6.2336066088661294e-11
8.1899999999999995,5.9949081163340515e-11
8.1999999999999993,5.7653369758383331e-11
8.2100000000000009,5.5445446990089699e-11
8.2200000000000006,5.3321960817880799e-11
8.2300000000000004,5.1279686990973847e-11
8.2400000000000002,4.9315524181311908e-11
8.25,4.7426489307581256e-11
8.2599999999999998,4.5609713034449908e-11
8.2699999999999996,4.3862435440563846e-11
8.2799999999999994,4.2182001854806934e-11
8.2900000000000009,4.056585884988269e-11
8.3000000000000007,3.9011550385792042e-11
8.3100000000000005,3.7516714103098066e-11
8.3200000000000003,3.6079077754930377e-11
8.3300000000000001,3.4696455775035072e-11
8.3399999999999999,3.3366745977473622e-11
8.3499999999999996,3.2087926379547799e-11
8.3599999999999994,3.0858052148228469e-11
8.370000000000001,2.9675252660667333e-11
8.3800000000000008,2.8537728676837802e-11
8.3900000000000006,2.7443749620591476e-11
8.4000000000000004,2.6391650962737583e-11
8.4100000000000001,2.5379831705669848e-11
8.4199999999999999,2.4406751961063851e-11
8.4299999999999997,2.3470930622139223e-11
8.4399999999999995,2.2570943122928727e-11
8.4499999999999993,2.1705419283061578e-11
8.4600000000000009,2.0873041235374336e-11
8.4700000000000006,2.00725414318363e-11
8.4800000000000004,1.9302700724589355e-11
8.4900000000000002,1.8562346521470832e-11
8.5,1.7850351010770413e-11
8.5099999999999998,1.7165629453338433e-11
8.5199999999999996,1.6507138541107492e-11
8.5299999999999994,1.587387481633769e-11
8.5400000000000009,1.5264873152197969e-11
8.5500000000000007,1.4679205290945236e-11
8.5600000000000005,1.4115978437290335e-11
8.5700000000000003,1.3574333906371102e-11
8.5800000000000001,1.3053445821779987e-11
8.5899999999999999,1.2552519864530967e-11
8.5999999999999996,1.2070792068871738e-11
8.6099999999999994,1.1607527664364938e-11
8.620000000000001,1.1162019961523421e-11
8.6300000000000008,1.0733589280571268e-11
8.6400000000000006,1.0321581920571219e-11
8.6500000000000004,9.9253691680789439e-12
8.6600000000000001,9.5443463435331215e-12
8.6699999999999999,9.1779318836079615e-12
8.6799999999999997,8.8255664590318509e-12
8.6899999999999995,8.4867121258834829e-12
8.7000000000000011,8.1608515091582654e-12
8.7100000000000009,7.8474870172194164e-12
8.7200000000000006,7.5461400869649523e-12
8.7300000000000004,7.2563504567514087e-12
8.7400000000000002,6.9776754677952234e-12
8.75,6.7096893918823487e-12
8.7599999999999998,6.4519827847231148e-12
8.7699999999999996,6.2041618642440036e-12
8.7799999999999994,5.9658479121156826e-12
8.7900000000000009,5.7366766983133111e-12
8.8000000000000007,5.5162979280568737e-12
8.8100000000000005,5.3043747090080646e-12
8.8200000000000003,5.1005830394134883e-12
8.8300000000000001,4.9046113156452472e-12
8.8399999999999999,4.716159858325811e-12
8.8499999999999996,4.5349404568845927e-12
8.8599999999999994,4.3606759310123243e-12
8.870000000000001,4.193099709418401e-12
8.8800000000000008,4.0319554241329094e-12
8.8900000000000006,3.8769965206371451e-12
8.9000000000000004,3.7279858827490177e-12
8.9100000000000001,3.5846954718014389e-12
8.9199999999999999,3.4469059796609753e-12
8.9299999999999997,3.314406494857426e-12
8.9399999999999995,3.1869941817321317e-12
8.9500000000000011,3.0644739715161011e-12
8.9600000000000009,2.946658265387913e-12
8.9700000000000006,2.8333666487910175e-12
8.9800000000000004,2.7244256167753705e-12
8.9900000000000002,2.6196683096667862e-12
9,2.5189342589684728e-12
9.0099999999999998,2.4220691428591912e-12
9.0199999999999996,2.3289245510760541e-12
9.0299999999999994,2.2393577587999005e-12
9.0400000000000009,2.153231509157749e-12
9.0500000000000007,2.0704138039934459e-12
9.0600000000000005,1.9907777027465014e-12
9.0700000000000003,1.9142011288541381e-12
9.0800000000000001,1.8405666836746397e-12
9.0899999999999999,1.7697614674578326e-12
9.0999999999999996,1.7016769072106157e-12
9.1099999999999994,1.6362085910889129e-12
9.120000000000001,1.5732561091089279e-12
9.1300000000000008,1.5127229000188241e-12
9.1400000000000006,1.4545161039307218e-12
9.1500000000000004,1.3985464207175213e-12
9.1600000000000001,1.3447279736020475e-12
9.1699999999999999,1.2929781782286945e-12
9.1799999999999997,1.2432176165333824e-12
9.1899999999999995,1.1953699155370146e-12
9.2000000000000011,1.1493616307219466e-12
9.2100000000000009,1.1051221339423962e-12
9.2200000000000006,1.0625835055121069e-12
9.2300000000000004,1.0216804305080733e-12
9.2400000000000002,9.8235009901027053e-13
9.25,9.4453211014670854e-13
9.2599999999999998,9.0816837981431014e-13
9.2699999999999996,8.7320305194923344e-13
9.2799999999999994,8.3958241316777934e-13
9.2900000000000009,8.0725481067051294e-13
9.3000000000000007,7.7617057331274153e-13
9.3100000000000005,7.4628193565997796e-13
9.3200000000000003,7.1754296498451258e-13
9.3300000000000001,6.8990949101967344e-13
9.3399999999999999,6.6333903844869036e-13
9.3499999999999996,6.3779076192720942e-13
9.3599999999999994,6.1322538361381841e-13
9.370000000000001,5.896051331054818e-13
9.3800000000000008,5.6689368965275494e-13
9.3900000000000006,5.4505612659214202e-13
9.4000000000000004,5.2405885789824132e-13
9.4100000000000001,5.0386958681187915e-13
9.4199999999999999,4.8445725638765233e-13
9.4299999999999997,4.657920019709933e-13
9.4399999999999995,4.4784510549935991e-13
9.4500000000000011,4.3058895150537025e-13
9.4600000000000009,4.1399698486223541e-13
9.4700000000000006,3.980436701086965e-13
9.4800000000000004,3.8270445236121328e-13
9.4900000000000002,3.6795571968676839e-13
9.5,3.5377476694917262e-13
9.5099999999999998,3.4013976102572425e-13
9.5199999999999996,3.2702970736065734e-13
9.5299999999999994,3.1442441778889914e-13
9.5400000000000009,3.0230447961570901e-13
9.5500000000000007,2.9065122585196264e-13
9.5600000000000005,2.7944670661971273e-13
9.5700000000000003,2.6867366162305516e-13
9.5800000000000001,2.5831549369212652e-13
9.5899999999999999,2.483562433513286e-13
9.5999999999999996,2.387805643309775e-13
9.6099999999999994,2.2957370004411958e-13
9.620000000000001,2.2072146095266239e-13
9.6300000000000008,2.1221020280698132e-13
9.6400000000000006,2.0402680571253093e-13
9.6500000000000004,1.9615865400517043e-13
9.6600000000000001,1.885936168990994e-13
9.6699999999999999,1.8132002986792662e-13
9.6799999999999997,1.7432667674815217e-13
9.6899999999999995,1.6760277252486207e-13
9.7000000000000011,1.6113794678074938e-13
9.7100000000000009,1.5492222777260564e-13
9.7200000000000006,1.4894602712797722e-13
9.7300000000000004,1.4320012512024157e-13
9.7400000000000002,1.3767565651482562e-13
9.75,1.3236409695169426e-13
9.7599999999999998,1.2725724985998752e-13
9.7699999999999996,1.2234723386432886e-13
9.7799999999999994,1.1762647068001185e-13
9.7900000000000009,1.1308767346903024e-13
9.8000000000000007,1.0872383564643654e-13
9.8100000000000005,1.0452822011257144e-13
9.8200000000000003,1.0049434890538721e-13
9.8300000000000001,9.6615993236878829e-14
9.8399999999999999,9.2887163928788632e-14
9.8499999999999996,8.930210219690378e-14
9.8599999999999994,8.5855270805357886e-14
9.870000000000001,8.2541345549957231e-14
9.8800000000000008,7.9355207072646163e-14
9.8900000000000006,7.6291932989805211e-14
9.9000000000000004,7.3346790319875999e-14
9.9100000000000001,7.0515228207623507e-14
9.9199999999999999,6.7792870921537232e-14
9.9299999999999997,6.5175511122710911e-14
9.9399999999999995,6.2659103392565092e-14
9.9500000000000011,6.0239758008336452e-14
9.9600000000000009,5.7913734956824222e-14
9.9700000000000006,5.5677438179537563e-14
9.9800000000000004,5.3527410038749548e-14
9.9900000000000002,5.1460325994223128e-14
